<?xml version="1.0" encoding="utf-8" ?>
<Defs>
    <!-- ##### Medieval ##### -->
    <!-- +++++ Simple Crown +++++ -->
	<ThingDef ParentName="HatMakeableBase">
		<defName>RA_Headgear_SimpleCrown</defName>
		<label>Simple crown</label>
		<description>Simple crown, makes you look mighty and charismatic, traders will be more likely to give you better price to apeal to you.</description>
		<graphicData>
			<texPath>Things/Headgear/SimpleCrown/SimpleCrown</texPath>
			<graphicClass>Graphic_Single</graphicClass>
		</graphicData>
		<techLevel>Medieval</techLevel>
		<tradeability>Sellable</tradeability>
        <generateCommonality>0.1</generateCommonality>
		<costStuffCount>25</costStuffCount>
		<stuffCategories>
			<li>Metallic</li>
		</stuffCategories>
		<statBases>
			<WorkToMake>5000</WorkToMake>
			<Mass>0.30</Mass>
			<StuffEffectMultiplierArmor>0.3</StuffEffectMultiplierArmor>
			<StuffEffectMultiplierInsulation_Cold>0.10</StuffEffectMultiplierInsulation_Cold>
			<StuffEffectMultiplierInsulation_Heat>0.10</StuffEffectMultiplierInsulation_Heat>
			<EquipDelay>0.8</EquipDelay>
		</statBases>
		<equippedStatOffsets>
			<SocialImpact>0.20</SocialImpact>
			<TradePriceImprovement>0.25</TradePriceImprovement>
		</equippedStatOffsets>
		<thingCategories Inherit="False">
			<li>Headgear</li>
		</thingCategories>
		<apparel>
			<bodyPartGroups>
				<li>UpperHead</li>
			</bodyPartGroups>
			<layers>
				<li>Overhead</li>
			</layers>
			<wornGraphicPath>Things/Headgear/SimpleCrown/SimpleCrown</wornGraphicPath>
			<tags>
				<li>MediavalHeadgear</li>
			</tags>
			<defaultOutfitTags>
				<li>Ruler</li>
			</defaultOutfitTags>
		</apparel>
		<recipeMaker>
			<researchPrerequisite>RA_RoyalApparel</researchPrerequisite>
			<skillRequirements>
				<Crafting>8</Crafting>
			</skillRequirements>
			<recipeUsers Inherit="False">
				<li>ElectricSmithy</li>
				<li>FueledSmithy</li>
			</recipeUsers>
		</recipeMaker>
	</ThingDef>
	
	<!-- +++++ Small Simple Crown +++++ -->
	<ThingDef ParentName="HatMakeableBase">
		<defName>RA_Headgear_SimpleCrownSmall</defName>
		<label>Simple crown small</label>
		<description>Simple crown, makes you look mighty and charismatic, traders will be more likely to give you better price to apeal to you.</description>
		<graphicData>
			<texPath>Things/Headgear/SimpleCrownSmall/SimpleCrownSmall</texPath>
			<graphicClass>Graphic_Single</graphicClass>
		</graphicData>
		<techLevel>Medieval</techLevel>
		<tradeability>Sellable</tradeability>
        <generateCommonality>0.1</generateCommonality>
		<costStuffCount>25</costStuffCount>
		<stuffCategories>
			<li>Metallic</li>
		</stuffCategories>
		<statBases>
			<WorkToMake>5000</WorkToMake>
			<Mass>0.30</Mass>
			<StuffEffectMultiplierArmor>0.3</StuffEffectMultiplierArmor>
			<StuffEffectMultiplierInsulation_Cold>0.10</StuffEffectMultiplierInsulation_Cold>
			<StuffEffectMultiplierInsulation_Heat>0.10</StuffEffectMultiplierInsulation_Heat>
			<EquipDelay>0.8</EquipDelay>
		</statBases>
		<equippedStatOffsets>
			<SocialImpact>0.20</SocialImpact>
			<TradePriceImprovement>0.25</TradePriceImprovement>
		</equippedStatOffsets>
		<thingCategories Inherit="False">
			<li>Headgear</li>
		</thingCategories>
		<apparel>
			<bodyPartGroups>
				<li>UpperHead</li>
			</bodyPartGroups>
			<layers>
				<li>Overhead</li>
			</layers>
			<wornGraphicPath>Things/Headgear/SimpleCrownSmall/SimpleCrownSmall</wornGraphicPath>
			<tags>
				<li>MediavalHeadgear</li>
			</tags>
			<defaultOutfitTags>
				<li>Ruler</li>
			</defaultOutfitTags>
		</apparel>
		<recipeMaker>
			<researchPrerequisite><li>RA_RoyalApparel</li></researchPrerequisite>
			<skillRequirements>
				<Crafting>8</Crafting>
			</skillRequirements>
			<recipeUsers Inherit="False">
				<li>ElectricSmithy</li>
				<li>FueledSmithy</li>
			</recipeUsers>
		</recipeMaker>
	</ThingDef>

	<!-- +++++ Pointy Crown +++++ -->
	<ThingDef ParentName="HatMakeableBase">
		<defName>RA_Headgear_PointyCrown</defName>
		<label>Pointy crown</label>
		<description>Pointy crown, makes you look mighty and charismatic, traders will be more likely to give you better price to apeal to you.</description>
		<graphicData>
			<texPath>Things/Headgear/PointyCrown/PointyCrown</texPath>
			<graphicClass>Graphic_Single</graphicClass>
		</graphicData>
		<techLevel>Medieval</techLevel>
		<tradeability>Sellable</tradeability>
        <generateCommonality>0.1</generateCommonality>
		<costStuffCount>30</costStuffCount>
		<stuffCategories>
			<li>Metallic</li>
		</stuffCategories>
		<statBases>
			<WorkToMake>5500</WorkToMake>
			<Mass>0.30</Mass>
			<StuffEffectMultiplierArmor>0.3</StuffEffectMultiplierArmor>
			<StuffEffectMultiplierInsulation_Cold>0.10</StuffEffectMultiplierInsulation_Cold>
			<StuffEffectMultiplierInsulation_Heat>0.10</StuffEffectMultiplierInsulation_Heat>
			<EquipDelay>0.8</EquipDelay>
		</statBases>
		<equippedStatOffsets>
			<SocialImpact>0.20</SocialImpact>
			<TradePriceImprovement>0.25</TradePriceImprovement>
		</equippedStatOffsets>
		<thingCategories Inherit="False">
			<li>Headgear</li>
		</thingCategories>
		<apparel>
			<bodyPartGroups>
				<li>UpperHead</li>
			</bodyPartGroups>
			<layers>
				<li>Overhead</li>
			</layers>
			<wornGraphicPath>Things/Headgear/PointyCrown/PointyCrown</wornGraphicPath>
			<tags>
				<li>MediavalHeadgear</li>
			</tags>
			<defaultOutfitTags>
				<li>Ruler</li>
			</defaultOutfitTags>
		</apparel>
		<recipeMaker>
			<researchPrerequisite>RA_RoyalApparel</researchPrerequisite>
			<skillRequirements>
				<Crafting>8</Crafting>
			</skillRequirements>
			<recipeUsers Inherit="False">
				<li>ElectricSmithy</li>
				<li>FueledSmithy</li>
			</recipeUsers>
		</recipeMaker>
	</ThingDef>
	
	<!-- +++++ Small Pointy Crown +++++ -->
	<ThingDef ParentName="HatMakeableBase">
		<defName>RA_Headgear_PointyCrownSmall</defName>
		<label>Pointy crown small</label>
		<description>Pointy crown, makes you look mighty and charismatic, traders will be more likely to give you better price to apeal to you.</description>
		<graphicData>
			<texPath>Things/Headgear/PointyCrownSmall/PointyCrownSmall</texPath>
			<graphicClass>Graphic_Single</graphicClass>
		</graphicData>
		<techLevel>Medieval</techLevel>
		<tradeability>Sellable</tradeability>
        <generateCommonality>0.1</generateCommonality>
		<costStuffCount>25</costStuffCount>
		<stuffCategories>
			<li>Metallic</li>
		</stuffCategories>
		<statBases>
			<WorkToMake>5500</WorkToMake>
			<Mass>0.30</Mass>
			<StuffEffectMultiplierArmor>0.3</StuffEffectMultiplierArmor>
			<StuffEffectMultiplierInsulation_Cold>0.10</StuffEffectMultiplierInsulation_Cold>
			<StuffEffectMultiplierInsulation_Heat>0.10</StuffEffectMultiplierInsulation_Heat>
			<EquipDelay>0.8</EquipDelay>
		</statBases>
		<equippedStatOffsets>
			<SocialImpact>0.20</SocialImpact>
			<TradePriceImprovement>0.25</TradePriceImprovement>
		</equippedStatOffsets>
		<thingCategories Inherit="False">
			<li>Headgear</li>
		</thingCategories>
		<apparel>
			<bodyPartGroups>
				<li>UpperHead</li>
			</bodyPartGroups>
			<layers>
				<li>Overhead</li>
			</layers>
			<wornGraphicPath>Things/Headgear/PointyCrownSmall/PointyCrownSmall</wornGraphicPath>
			<tags>
				<li>MediavalHeadgear</li>
			</tags>
			<defaultOutfitTags>
				<li>Ruler</li>
			</defaultOutfitTags>
		</apparel>
		<recipeMaker>
			<researchPrerequisite><li>RA_RoyalApparel</li></researchPrerequisite>
			<skillRequirements>
				<Crafting>8</Crafting>
			</skillRequirements>
			<recipeUsers Inherit="False">
				<li>ElectricSmithy</li>
				<li>FueledSmithy</li>
			</recipeUsers>
		</recipeMaker>
	</ThingDef>
	
	<!-- +++++ Emperor Crown +++++ -->
	<ThingDef ParentName="HatMakeableBase">
		<defName>RA_Headgear_EmperorCrown</defName>
		<label>Emperor crown</label>
		<description>Emperor crown, makes you look SUPER mighty and charismatic, traders will be more likely to give you better price to apeal to you.</description>
		<graphicData>
			<texPath>Things/Headgear/EmperorCrown/EmperorCrown</texPath>
			<graphicClass>Graphic_Single</graphicClass>
		</graphicData>
		<techLevel>Medieval</techLevel>
		<tradeability>Sellable</tradeability>
        <generateCommonality>0.1</generateCommonality>
		<costStuffCount>50</costStuffCount>
		<stuffCategories>
			<li>Metallic</li>
		</stuffCategories>
		<statBases>
			<WorkToMake>7000</WorkToMake>
			<Mass>0.30</Mass>
			<StuffEffectMultiplierArmor>0.3</StuffEffectMultiplierArmor>
			<StuffEffectMultiplierInsulation_Cold>0.10</StuffEffectMultiplierInsulation_Cold>
			<StuffEffectMultiplierInsulation_Heat>0.10</StuffEffectMultiplierInsulation_Heat>
			<EquipDelay>0.8</EquipDelay>
		</statBases>
		<equippedStatOffsets>
			<SocialImpact>0.25</SocialImpact>
			<TradePriceImprovement>0.30</TradePriceImprovement>
		</equippedStatOffsets>
		<thingCategories Inherit="False">
			<li>Headgear</li>
		</thingCategories>
		<apparel>
			<bodyPartGroups>
				<li>UpperHead</li>
			</bodyPartGroups>
			<layers>
				<li>Overhead</li>
			</layers>
			<wornGraphicPath>Things/Headgear/EmperorCrown/EmperorCrown</wornGraphicPath>
			<tags>
				<li>MediavalHeadgear</li>
			</tags>
			<defaultOutfitTags>
				<li>Ruler</li>
			</defaultOutfitTags>
		</apparel>
		<recipeMaker>
			<researchPrerequisite>RA_RoyalApparel</researchPrerequisite>
			<skillRequirements>
				<Crafting>12</Crafting>
			</skillRequirements>
			<recipeUsers Inherit="False">
				<li>ElectricSmithy</li>
				<li>FueledSmithy</li>
			</recipeUsers>
		</recipeMaker>
	</ThingDef>
	
</Defs>