<?xml version="1.0" encoding="utf-8" ?>
<Defs>
    <!-- ##### Medieval ##### -->
    <!-- +++++ Simple Crown +++++ -->
	<ThingDef ParentName="HatMakeableBase">
		<defName>RA_Headgear_SimpleCrown</defName>
		<label>Simple Crown</label>
		<description>A crown for a king.</description>
		<graphicData>
			<texPath>Things/Headgear/SimpleCrown/SimpleCrown</texPath>
			<graphicClass>Graphic_Single</graphicClass>
		</graphicData>
		<techLevel>Medieval</techLevel>
		<tradeability>Sellable</tradeability>
        <generateCommonality>0.1</generateCommonality>
		<costStuffCount>25</costStuffCount>
		<stuffCategories>
			<li>Metallic</li>
		</stuffCategories>
		<statBases>
			<WorkToMake>5000</WorkToMake>
			<Mass>0.30</Mass>
			<StuffEffectMultiplierArmor>0.3</StuffEffectMultiplierArmor>
			<StuffEffectMultiplierInsulation_Cold>0.10</StuffEffectMultiplierInsulation_Cold>
			<StuffEffectMultiplierInsulation_Heat>0.10</StuffEffectMultiplierInsulation_Heat>
			<EquipDelay>0.8</EquipDelay>
		</statBases>
		<equippedStatOffsets>
			<SocialImpact>0.20</SocialImpact>
			<TradePriceImprovement>0.25</TradePriceImprovement>
		</equippedStatOffsets>
		<thingCategories Inherit="False">
			<li>Headgear</li>
		</thingCategories>
		<apparel>
			<bodyPartGroups>
				<li>UpperHead</li>
			</bodyPartGroups>
			<layers>
				<li>Overhead</li>
			</layers>
			<wornGraphicPath>Things/Headgear/SimpleCrown/SimpleCrown</wornGraphicPath>
			<tags>
				<li>MediavalHeadgear</li>
			</tags>
			<defaultOutfitTags>
				<li>Ruler</li>
			</defaultOutfitTags>
		</apparel>
		<recipeMaker>
			<researchPrerequisite>RA_RoyalApparel</researchPrerequisite>
			<skillRequirements>
				<Crafting>8</Crafting>
			</skillRequirements>
			<recipeUsers Inherit="False">
				<li>ElectricSmithy</li>
				<li>FueledSmithy</li>
			</recipeUsers>
		</recipeMaker>
	</ThingDef>
	
	<!-- +++++ Small Simple Crown +++++ -->
	<ThingDef ParentName="HatMakeableBase">
		<defName>RA_Headgear_SimpleCrownSmall</defName>
		<label>Simple Crown Small</label>
		<description>A crown for a queen.</description>
		<graphicData>
			<texPath>Things/Headgear/SimpleCrownSmall/SimpleCrownSmall</texPath>
			<graphicClass>Graphic_Single</graphicClass>
		</graphicData>
		<techLevel>Medieval</techLevel>
		<tradeability>Sellable</tradeability>
        <generateCommonality>0.1</generateCommonality>
		<costStuffCount>25</costStuffCount>
		<stuffCategories>
			<li>Metallic</li>
		</stuffCategories>
		<statBases>
			<WorkToMake>5000</WorkToMake>
			<Mass>0.30</Mass>
			<StuffEffectMultiplierArmor>0.3</StuffEffectMultiplierArmor>
			<StuffEffectMultiplierInsulation_Cold>0.10</StuffEffectMultiplierInsulation_Cold>
			<StuffEffectMultiplierInsulation_Heat>0.10</StuffEffectMultiplierInsulation_Heat>
			<EquipDelay>0.8</EquipDelay>
		</statBases>
		<equippedStatOffsets>
			<SocialImpact>0.20</SocialImpact>
			<TradePriceImprovement>0.25</TradePriceImprovement>
		</equippedStatOffsets>
		<thingCategories Inherit="False">
			<li>Headgear</li>
		</thingCategories>
		<apparel>
			<bodyPartGroups>
				<li>UpperHead</li>
			</bodyPartGroups>
			<layers>
				<li>Overhead</li>
			</layers>
			<wornGraphicPath>Things/Headgear/SimpleCrownSmall/SimpleCrownSmall</wornGraphicPath>
			<tags>
				<li>MediavalHeadgear</li>
			</tags>
			<defaultOutfitTags>
				<li>Ruler</li>
			</defaultOutfitTags>
		</apparel>
		<recipeMaker>
			<researchPrerequisite>RA_RoyalApparel</researchPrerequisite>
			<skillRequirements>
				<Crafting>8</Crafting>
			</skillRequirements>
			<recipeUsers Inherit="False">
				<li>ElectricSmithy</li>
				<li>FueledSmithy</li>
			</recipeUsers>
		</recipeMaker>
	</ThingDef>

</Defs>