<?xml version="1.0" encoding="utf-8"?>

<ModMetaData>
	<name>Royal apparel</name>
	<author>tomi</author>
	<supportedVersions><li>1.0</li></supportedVersions>
	<description>
    This mod adds just a simple crown at the moment. I plan to add more types of crowns and other types of royal apparel. Also this is my first mod, and my textures arent exactly best, if there is any artist who would like to contribute please contact me. I am also opened to suggestions, please list them bellow. Thank you
	</description>
</ModMetaData>